{"count":1,"self":666.9900288,"total":1112.3923089999998,"children":{"InitializeActuators":{"count":1,"self":0.00091599999999999993,"total":0.00091599999999999993,"children":null},"InitializeSensors":{"count":1,"self":0.001715,"total":0.001715,"children":null},"AgentInfo.ToProto":{"count":9871,"self":0.042492999999999996,"total":0.115463,"children":{"GenerateSensorData":{"count":9871,"self":0.07297,"total":0.07297,"children":null}}},"AgentSendState":{"count":1352534,"self":2.1599749999999998,"total":7.045058,"children":{"CollectObservations":{"count":270507,"self":0.71282,"total":0.71282,"children":null},"WriteActionMask":{"count":270507,"self":0.19397399999999998,"total":0.19397399999999998,"children":null},"RequestDecision":{"count":270507,"self":0.852622,"total":3.9782889999999997,"children":{"AgentInfo.ToProto":{"count":270507,"self":1.1460299999999999,"total":3.125667,"children":{"GenerateSensorData":{"count":270507,"self":1.9796369999999999,"total":1.9796369999999999,"children":null}}}}}}},"DecideAction":{"count":1352534,"self":432.97817599999996,"total":432.97817799999996,"children":null},"AgentAct":{"count":1352534,"self":5.260364,"total":5.260364,"children":null}},"gauges":{"Balancer.CumulativeReward":{"count":9871,"max":1.1920929E-07,"min":-1,"runningAverage":-0.7312722,"value":-0.6,"weightedAverage":-0.669773042}},"metadata":{"timer_format_version":"0.1.0","start_time_seconds":"1734358190","unity_version":"2022.3.31f1","command_line_arguments":"\/Applications\/Unity\/Hub\/Editor\/2022.3.31f1\/Unity.app\/Contents\/MacOS\/Unity -projectpath \/Users\/lotusgames\/ML_AgentTest -useHub -hubIPC -cloudEnvironment production -licensingIpc LicenseClient-lotusgames -hubSessionId 4bf48b33-8bfa-4385-bb40-5e8f5bda7a47 -accessToken bvsWfw-n8XQ_X1_vcCC_qmCej1nt7-mvURCuE2dwcXI011f","communication_protocol_version":"1.5.0","com.unity.ml-agents_version":"2.0.1","scene_name":"Balance","end_time_seconds":"1734359302"}}