{"count":1,"self":3516.1284607999996,"total":3731.198179,"children":{"InitializeActuators":{"count":8,"self":0.000958,"total":0.000958,"children":null},"InitializeSensors":{"count":8,"self":0.001251,"total":0.001251,"children":null},"AgentSendState":{"count":197901,"self":10.9469728,"total":28.936944999999998,"children":{"CollectObservations":{"count":316648,"self":1.3253739999999998,"total":1.3253739999999998,"children":null},"WriteActionMask":{"count":316648,"self":0.14998799999999998,"total":0.14998799999999998,"children":null},"RequestDecision":{"count":316648,"self":0.794972,"total":16.514609999999998,"children":{"AgentInfo.ToProto":{"count":316648,"self":1.431913,"total":15.719638,"children":{"GenerateSensorData":{"count":316648,"self":13.7394512,"total":14.287725,"children":{"RayPerceptionSensor.Perceive":{"count":949944,"self":0.54827399999999993,"total":0.54827399999999993,"children":null}}}}}}}}},"DecideAction":{"count":197901,"self":179.44372479999998,"total":179.443726,"children":null},"AgentAct":{"count":197901,"self":6.6687727999999993,"total":6.686083,"children":{"AgentInfo.ToProto":{"count":312,"self":0.003294,"total":0.01731,"children":{"GenerateSensorData":{"count":312,"self":0.01296,"total":0.014015999999999999,"children":{"RayPerceptionSensor.Perceive":{"count":936,"self":0.0010559999999999999,"total":0.0010559999999999999,"children":null}}}}}}}},"gauges":{"Hummingbird.CumulativeReward":{"count":312,"max":5.621969,"min":-4,"runningAverage":1.13053274,"value":2.82244754,"weightedAverage":1.30506551}},"metadata":{"timer_format_version":"0.1.0","start_time_seconds":"1734075805","unity_version":"2022.3.31f1","command_line_arguments":"\/Applications\/Unity\/Hub\/Editor\/2022.3.31f1\/Unity.app\/Contents\/MacOS\/Unity -projectpath \/Users\/lotusgames\/ML_AgentTest -useHub -hubIPC -cloudEnvironment production -licensingIpc LicenseClient-lotusgames -hubSessionId 16172517-f244-4cc8-8c59-bb216459241f -accessToken QjIDwIYFrHzkv7PKSPk2-9pmMAbNXNlBE3g1IfsvT3s011f","communication_protocol_version":"1.5.0","com.unity.ml-agents_version":"2.0.1","scene_name":"Training","end_time_seconds":"1734079536"}}